Repo,Description,Language,Stars,Forks,Topics,Updated,URL
sherlock-project/sherlock,Hunt down social media accounts by username across social networks,Python,83289,9718,"cli, cti, cybersecurity, forensics, hacktoberfest, information-gathering, infosec, linux, osint, pentesting, python, python3, reconnaissance, redteam, sherlock, tools",2026-05-14,https://github.com/sherlock-project/sherlock
koala73/worldmonitor,"Real-time global intelligence dashboard. AI-powered news aggregation, geopolitical monitoring, and infrastructure tracking in a unified situational awareness interface",TypeScript,54124,8699,"ai, dashboard, geopolitics, monitoring, news, opensource, osint, palantir, situation",2026-05-14,https://github.com/koala73/worldmonitor
lissy93/web-check,🕵️‍♂️ All-in-one OSINT tool for analysing any website,TypeScript,33084,2665,"osint, privacy, security, security-tools, sysadmin",2026-05-13,https://github.com/lissy93/web-check
soxoj/maigret,🕵️‍♂️ Collect a dossier on a person by username from 3000+ sites,Python,28433,2045,"blueteam, cli, cybersecurity, identification, infosec, investigation, namechecker, open-source, osint, osint-framework, osint-python, pentesting, python, python3, reconnaissance, redteam, scraping, sherlock, social-network, socmint",2026-05-14,https://github.com/soxoj/maigret
projectdiscovery/nuclei,"Nuclei is a fast, customizable vulnerability scanner powered by the global security community and built on a simple YAML-based DSL, enabling collaboration to tackle trending vulnerabilities on the internet. It helps you find vulnerabilities in your applications, APIs, networks, DNS, and cloud configurations.",Go,28329,3397,"attack-surface, cve-scanner, dast, hacktoberfest, nuclei-engine, security, security-scanner, subdomain-takeover, vulnerability-assessment, vulnerability-detection, vulnerability-scanner",2026-05-13,https://github.com/projectdiscovery/nuclei
jivoi/awesome-osint,:scream: A curated list of amazingly awesome OSINT,,26294,3623,"awesome-list, osint, website",2026-05-14,https://github.com/jivoi/awesome-osint
qeeqbox/social-analyzer,"API, CLI, and Web App for analyzing and finding a person's profile in 1000 social media \ websites",JavaScript,22807,2173,"analysis, analyzer, cli, information-gathering, javascript, nodejs, nodejs-cli, osint, pentest, pentesting, person-profile, profile, python, reconnaissance, security-tools, social-analyzer, social-media, sosint, username",2026-05-14,https://github.com/qeeqbox/social-analyzer
gildas-lormeau/SingleFile,Web Extension for saving a faithful copy of a complete web page in a single HTML file,JavaScript,21101,1321,"annotations, archive, archiver, auto-save, browser, chrome, chrome-extension, cli, firefox, firefox-addon, javascript, offline-reading, osint, puppeteer, screenshot, selenium, self-extracting, self-extracting-zip, snapshot, web-clipper",2026-05-13,https://github.com/gildas-lormeau/SingleFile
mxrch/GHunt,🕵️‍♂️ Offensive Google framework.,Python,18926,1646,"google, hideandsec, osint",2026-05-14,https://github.com/mxrch/GHunt
smicallef/spiderfoot,SpiderFoot automates OSINT for threat intelligence and mapping your attack surface.,Python,17747,2960,"attacksurface, cti, cybersecurity, footprinting, hacking, information-gathering, information-security, infosec, intelligence-gathering, osint, osint-framework, osint-reconnaissance, osint-tool, pentesting, python, recon, security-tools, threat-intelligence, threatintel",2026-05-14,https://github.com/smicallef/spiderfoot
sundowndev/phoneinfoga,Information gathering framework for phone numbers,Go,16419,4982,"agregation, footprint, information-gathering, investigation, open-source-intelligence, osint, phone, phone-number, reconnaissance, reputation",2026-05-13,https://github.com/sundowndev/phoneinfoga
twintproject/twint,"An advanced Twitter scraping & OSINT tool written in Python that doesn't use Twitter's API, allowing you to scrape a user's followers, following, Tweets and more while evading most API limitations.",Python,16373,2768,"elasticsearch, kibana, osint, python, scrape, scrape-followers, scrape-following, scrape-likes, tweep, tweets, twint, twitter",2026-05-13,https://github.com/twintproject/twint
laramies/theHarvester,"E-mails, subdomains and names Harvester - OSINT",Python,16199,2462,"blueteam, discovery, emails, information-gathering, osint, python, recon, reconnaissance, redteam, subdomain-enumeration",2026-05-14,https://github.com/laramies/theHarvester
sundowndev/hacker-roadmap,"A collection of hacking tools, resources and references to practice ethical hacking.",,15318,1708,"exploitation, frameworks, hacking, hacking-tool, hacktools, information-gathering, penetration-testing, pentest, pentesting, post-exploitation, roadmap, security, web-hacking",2026-05-13,https://github.com/sundowndev/hacker-roadmap
encode/httpx,A next generation HTTP client for Python. 🦋,Python,15263,1141,"asyncio, http, python, trio",2026-05-14,https://github.com/encode/httpx
owasp-amass/amass,In-depth attack surface mapping and asset discovery,Go,14546,2126,"attack-surfaces, dns, enumeration, go, golang, information-gathering, maltego, network-security, osint, osint-reconnaissance, owasp, recon, subdomain",2026-05-14,https://github.com/owasp-amass/amass
projectdiscovery/subfinder,Fast passive subdomain enumeration tool.,Go,13617,1546,"bugbounty, hacking, hacktoberfest, osint, reconnaissance, subdomain-enumeration, subdomains",2026-05-13,https://github.com/projectdiscovery/subfinder
HunxByts/GhostTrack,Useful tool to track location or mobile number,Python,13160,1740,"cybersecurity, fyp, hacking, hacking-tool, indonesia, information, information-gathering, ip-geolocation, linux, osint, osint-python, osint-tool, pentesting, phone-number, python, python-hacking, termux, termux-hacks, termux-tool",2026-05-14,https://github.com/HunxByts/GhostTrack
s0md3v/Photon,Incredibly fast crawler designed for OSINT.,Python,12876,1674,"crawler, information-gathering, osint, python, spider",2026-05-14,https://github.com/s0md3v/Photon
Datalux/Osintgram,Osintgram is a OSINT tool on Instagram. It offers an interactive shell to perform analysis on Instagram account of any users by its nickname,Python,12801,2805,"analysis, hacking, information-gathering, instagram, instagram-account, instagram-api, nickname, osint, osint-python, penetration-testing, python, python3, tool",2026-05-14,https://github.com/Datalux/Osintgram
projectdiscovery/nuclei-templates,Community curated list of templates for the nuclei engine to find security vulnerabilities.,JavaScript,12359,3484,"bugbounty, exploit-development, exploits, fingerprint, hacktoberfest, nuclei, nuclei-checks, nuclei-templates, security, vulnerability-detection",2026-05-14,https://github.com/projectdiscovery/nuclei-templates
instaloader/instaloader,Download pictures (or videos) along with their captions and other metadata from Instagram.,Python,12347,1512,"downloader, instagram, instagram-client, instagram-downloader, instagram-feed, instagram-metadata, instagram-photos, instagram-scraper, instagram-stories, instagram-user-photos, instaloader, osint, osint-python, pictures, videos",2026-05-14,https://github.com/instaloader/instaloader
Manisso/fsociety,fsociety Hacking Tools Pack – A Penetration Testing Framework,Python,12045,2102,"brute-force-attacks, desktop, exploitation, finder, fsociety, fsociety-hacking, information-gathering, network, penetration-testing-framework, port-scanning, post-exploitation, python, web-hacking",2026-05-13,https://github.com/Manisso/fsociety
lockfale/OSINT-Framework,,JavaScript,11341,1847,"footprinting, intelligence-gathering, osint, osint-framework, osint-resources, reconnaissance",2026-05-13,https://github.com/lockfale/OSINT-Framework
megadose/holehe,"holehe allows you to check if the mail is used on different sites like twitter, instagram and will retrieve information on sites with the forgotten password function.",Python,10927,1299,"ebay, email, emails, information-gathering, instagram, open-source-intelligence, osint, osint-python, osint-tools, pypi, python, social-network, tellonym, trio, twitter",2026-05-14,https://github.com/megadose/holehe
connors/photon,The fastest way to build beautiful Electron apps using simple HTML and CSS,CSS,10077,573,"css, electron, html, photon",2026-05-13,https://github.com/connors/photon
projectdiscovery/httpx,httpx is a fast and multi-purpose HTTP toolkit that allows running multiple probes using the retryablehttp library.,Go,9931,1065,"bugbounty, cli, cybersecurity, hacktoberfest, http, lib, osint, pentest-tool, pipeline, ssl-certificate",2026-05-14,https://github.com/projectdiscovery/httpx
shmilylty/OneForAll,OneForAll是一款功能强大的子域收集工具,Python,9771,1429,"altname, bugbounty, content-security-policy, crossdomainxml, information-gathering, nsec, oneforall, osint, pentest-tool, python, recon, subdomain, subdomain-bruteforcing, subdomain-collection, subdomain-crawler, subdomain-enumeration, subdomain-scanner, subdomain-takeover, subdomian-find, zone-transfers",2026-05-13,https://github.com/shmilylty/OneForAll
blacklanternsecurity/bbot,The recursive internet scanner for hackers. 🧡,Python,9681,803,"asm, attack-surface-management, automation, bugbounty, cli, easm, hacking, neo4j, osint, osint-framework, pentesting, python, recon, recursion, scanner, subdomain-enumeration, subdomain-scanner, subdomains, threat-intelligence, threatintel",2026-05-13,https://github.com/blacklanternsecurity/bbot
thewhiteh4t/seeker,Accurately Locate Smartphones using Social Engineering,CSS,9410,2192,"accuracy, altitude, geolocation, latitude, longitude, reconnaissance, system-information",2026-05-14,https://github.com/thewhiteh4t/seeker
yogeshojha/rengine,"reNgine is an automated reconnaissance framework for web applications with a focus on highly configurable streamlined recon process via Engines, recon data correlation and organization, continuous monitoring, backed by a database, and simple yet intuitive User Interface. reNgine makes it easy for penetration testers to gather reconnaissance with minimal configuration and with the help of reNgine's correlation, it just makes recon effortless.",HTML,8644,1330,"bug-bounty, bugbounty, hacking, information-gathering, infosec, osint, penetration-testing, pentesting, recon, recon-engine, reconnaissance, rengine, scanner, scanner-web, scanning, security-tools",2026-05-13,https://github.com/yogeshojha/rengine
six2dez/reconftw,reconFTW is a tool designed to perform automated recon on a target domain by running the best set of tools to perform scanning and finding out vulnerabilities,Shell,7552,1158,"bug-bounty, bugbounty, bugbounty-tool, dns, hacking, nuclei, osint, penetration-testing, pentest, pentest-tool, pentesting, recon, reconnaissance, scanner, security, security-tools, subdomain, subdomain-enumeration, vulnerabilities",2026-05-14,https://github.com/six2dez/reconftw
JakeWharton/ActionBarSherlock,[DEPRECATED] Action bar implementation which uses the native action bar on Android 4.0+ and a custom implementation on pre-4.0 through a single API and theme.,Java,7063,3467,,2026-05-12,https://github.com/JakeWharton/ActionBarSherlock
daffainfo/AllAboutBugBounty,"All about bug bounty (bypasses, payloads, and etc)",,6728,1263,"bug, bugbounty, bugbountytips, bypass, hacking, infosec, payload, payloads, penetration-testing, pentest, reconnaissance, security, vulnerability",2026-05-13,https://github.com/daffainfo/AllAboutBugBounty
urbanadventurer/WhatWeb,Next generation web scanner,Ruby,6578,987,"application-security, appsec, hacking, hacking-tools, kali-linux, network-security, owasp, penetration-test, penetration-testing, penetration-testing-tools, pentest, pentesting, pentesting-tools, recon, ruby, scanner, security, security-tools, web, web-hacking",2026-05-13,https://github.com/urbanadventurer/WhatWeb
j3ssie/osmedeus,A Modern Orchestration Engine for Security,Go,6234,981,"agentic-ai, attack-surface-management, bugbounty, go, hacking, hacking-tool, llm, osint, penetration-testing, pentesting, reconnaissance, security, security-tools, workflow-engine, workflows",2026-05-13,https://github.com/j3ssie/osmedeus
s0md3v/Arjun,HTTP parameter discovery suite.,Python,6220,858,"api-fuzzer, api-fuzzing, api-testing, parameter-discovery, recon",2026-05-13,https://github.com/s0md3v/Arjun
GhostTroops/scan4all,"Official repository  vuls Scan: 15000+PoCs; 23 kinds of application password crack; 7000+Web fingerprints; 146 protocols and 90000+ rules Port scanning; Fuzz, HW, awesome BugBounty( ͡° ͜ʖ ͡°)...",Go,6002,709,"0day, attack, auto, brute-force, bugbounty, bugbounty-tools, golang, hacker, hacktools, nmap, nuclei, pentest-tool, recon, security-scanner, security-tools, ssh, tools, vulnerabilities-scan, vulnerability-detection, vulnerability-scanners",2026-05-13,https://github.com/GhostTroops/scan4all
michenriksen/aquatone,A Tool for Domain Flyovers,Go,5931,906,"chrome-headless, chromium, golang, osint, reconnaissance, security",2026-05-13,https://github.com/michenriksen/aquatone
alpkeskin/mosint,An automated e-mail OSINT tool,Go,5817,640,"automation, data-breach, email, email-checker, go, hacking, information-gathering, osint, osint-tool, pentest, pwn, python-hacking, social-media, socmint, verification-service",2026-05-13,https://github.com/alpkeskin/mosint
lanmaster53/recon-ng,Open Source Intelligence gathering tool aimed at reducing the time spent harvesting information from open sources.,Python,5577,866,,2026-05-13,https://github.com/lanmaster53/recon-ng
OWASP/Nettacker,Automated Penetration Testing Framework - Open-Source Vulnerability Scanner - Vulnerability Management,Python,5164,1096,"automation, bruteforce, cve, hacking-tools, information-gathering, network-security, owasp, penetration-testing, penetration-testing-framework, pentesting, pentesting-tools, portscanner, python, recon, scanner, security, security-tools, vulnerability-management, vulnerability-scanner, vulnerability-scanners",2026-05-13,https://github.com/OWASP/Nettacker
hakluke/hakrawler,"Simple, fast web crawler designed for easy, quick discovery of endpoints and assets within a web application",Go,5050,540,"bugbounty, crawling, hacking, osint, pentesting, recon, reconnaissance",2026-05-13,https://github.com/hakluke/hakrawler
khast3x/h8mail,"Email OSINT & Password breach hunting tool, locally or using premium services. Supports chasing down related email",Python,4984,578,"breach, breach-compilation, email, hacking, haveibeenpwned, hibp, kali, leak, osint, password, recon, theharvester",2026-05-12,https://github.com/khast3x/h8mail
Threekiii/Awesome-Redteam,一个攻防知识库。A knowledge base for red teaming and offensive security.,Python,4192,725,"command-and-control, execution, exploit, initial-access, lateral-movement, privilege-escalation, reconnaissance, red-teaming",2026-05-13,https://github.com/Threekiii/Awesome-Redteam
megadose/toutatis,"Toutatis is a tool that allows you to extract information from instagrams accounts such as e-mails, phone numbers and more",Python,3920,1226,"information-gathering, instagram, instagram-scraper, open-source-intelligence, osint, osint-tools, python",2026-05-13,https://github.com/megadose/toutatis
leebaird/discover,"Custom bash scripts used to automate various penetration testing tasks including recon, scanning,  enumeration, and malicious payload creation using Metasploit. For use with Kali Linux and Ubuntu.",Shell,3873,872,"bash, enumeration, information-gathering, kali-linux, metasploit, nmap, osint, payload-generator, pentesting, recon, reconnaissance, red-team, scanning",2026-05-13,https://github.com/leebaird/discover
S3cur3Th1sSh1t/WinPwn,Automation for internal Windows Penetrationtest / AD-Security,PowerShell,3664,540,"adsecurity, automation, exploitation, pentest-tool, pentesting, powershell, powersploit, privilege-escalation, recon, redteam",2026-05-13,https://github.com/S3cur3Th1sSh1t/WinPwn
Tuhinshubhra/RED_HAWK,"All in one tool for Information Gathering, Vulnerability Scanning and Crawling. A must have tool for all penetration testers",PHP,3655,955,"admin-scanner, backups-finder, cloudflare-detection, cms-detector, crawler, domain-authority-scanner, geo-ip, http-header, information-gathering, mx-lookup, page-authority-scanner, reverse-ip-scan, scanner, sql-scanner, sql-vulnerability-scannig, subdomain-scanner, subnet-lookup, whois-lookup, wordpress, wordpress-scanner",2026-05-13,https://github.com/Tuhinshubhra/RED_HAWK
blechschmidt/massdns,A high-performance DNS stub resolver for bulk lookups and reconnaissance (subdomain enumeration),C,3592,501,"bulk-dns, dns, dns-bruteforcer, dns-client, dns-lookup, dns-resolution, dns-resolver, massdns, reconnaissance, subbrute, subdomain",2026-05-13,https://github.com/blechschmidt/massdns
jasonxtn/Argus,The Ultimate Information Gathering Toolkit,Python,3573,433,"cms-detection, directory-finder, dns-lookup, email-harvester, information-gathering, osint, pastebin-monitoring, recon-tools, reconnaissance, server-info, ssl-analitcs, txt-records, virustotal, web-crawler, whois-lookup",2026-05-13,https://github.com/jasonxtn/Argus
evyatarmeged/Raccoon,A high performance offensive security tool for reconnaissance and vulnerability scanning,Python,3554,441,"enumeration, fuzzing, hacking, hacking-tool, information-gathering, offensive-security, osint, pentest-tool, pentesting, raccoon, reconnaissance, scanner, security-scanner, vulnerability-assessment, vulnerability-scanner",2026-05-13,https://github.com/evyatarmeged/Raccoon
silvia-odwyer/photon,⚡ Rust/WebAssembly image processing library,Rust,3446,179,"hacktoberfest, image-manipulation, image-processing, rust, rust-library, wasm, webassembly",2026-05-13,https://github.com/silvia-odwyer/photon
Lucksi/Mr.Holmes,A Complete Osint Tool :mag:,Python,3436,500,"geolocation, information-gathering, kali-linux, linux, macos, open-source-intelligence, osint, osint-framework, osint-python, osint-tool, osint-tools, python, python-script, spam, termux, termux-hacking, username-checker, windows",2026-05-13,https://github.com/Lucksi/Mr.Holmes
reconurge/flowsint,"A modern platform for visual, flexible, and extensible graph-based investigations. For cybersecurity analysts and investigators.",TypeScript,3419,457,"investigation, osint, python, recon",2026-05-13,https://github.com/reconurge/flowsint
edoardottt/cariddi,"Take a list of domains, crawl urls and scan for endpoints, secrets, api keys, file extensions, tokens and more",Go,3376,292,"bugbounty, crawler, crawling, endpoint-discovery, endpoints, go, golang, hacktoberfest, infosec, osint, penetration-testing, pentesting, recon, reconnaissance, redteam, scraper, secret-keys, secrets-detection, security, security-tools",2026-05-14,https://github.com/edoardottt/cariddi
gwen001/pentest-tools,A collection of custom security tools for quick needs.,Python,3296,791,"audit, bash, bugbounty, bugbountytips, enumeration, hacking, nmap, pentesting, php, python, recon, sectools, security, security-tools",2026-05-11,https://github.com/gwen001/pentest-tools
Astrosp/Awesome-OSINT-For-Everything,"OSINT tools for Information gathering, Cybersecurity, Reverse searching, bugbounty, trust and safety, red team oprations and more.",Shell,3281,416,"blue-team, bugbounty, information-gathering, osint, osint-tools, osinttool, recon, reconnaissance, red-team, security-tools, web",2026-05-13,https://github.com/Astrosp/Awesome-OSINT-For-Everything
vmware/photon,Minimal Linux container host,Python,3177,696,,2026-05-11,https://github.com/vmware/photon
dwisiswant0/awesome-oneliner-bugbounty,A collection of awesome one-liner scripts especially for bug bounty tips.,,3117,622,"awesome, bash, bug-bounty, bugbounty, bugbountytips, hacktoberfest, liner-scripts, one-liners, recon",2026-05-11,https://github.com/dwisiswant0/awesome-oneliner-bugbounty
zmzhang8/Photon,A lightweight multi-threaded downloader based on aria2.,JavaScript,3011,278,"aria2, cross-platform, download, downloader, multi-threaded",2026-05-13,https://github.com/zmzhang8/Photon
ExpLangcn/NucleiTP,自动整合全网Nuclei的漏洞POC，实时同步更新最新POC！,,2887,374,"hack-tools, hacker, hacking, nuclei",2026-05-13,https://github.com/ExpLangcn/NucleiTP
komoot/photon,an open source geocoder for openstreetmap data,Java,2815,355,"elasticsearch, geocoder, geocoding, java, openstreetmap, photon, reverse-geocoding, search",2026-05-13,https://github.com/komoot/photon
0x0be/yesitsme,Simple OSINT script to find Instagram profiles by name and e-mail/phone,Python,2800,290,"instagram, open-source-intelligence, osint, osint-tools, python, social-media-analysis, social-media-intelligence, socmint",2026-05-11,https://github.com/0x0be/yesitsme
kpcyrd/sn0int,Semi-automatic OSINT framework and package manager,Rust,2437,222,"bug-bounty, certificate-transparency, intelligence, investigation, location, lua, osint, osint-framework, pentesting, recon, reconnaissance, rust, security, security-audit, security-scanner",2026-05-08,https://github.com/kpcyrd/sn0int
Alfredredbird/tookie-osint,Tookie is a advanced OSINT information gathering tool that finds social media accounts based on inputs.,Python,2214,181,"cyber-security, cybersecurity, hacking-tool, hacking-tools, information-gathering, osint, osint-framework, osint-kali, osint-python, osint-reconnaissance, osint-resources, osint-tool, osint-toolkit, osint-tools, osinttool, parrot-os, python, python3, script",2026-05-12,https://github.com/Alfredredbird/tookie-osint
apurvsinghgautam/dark-web-osint-tools,OSINT Tools for the Dark Web,,2093,347,"darkweb, osint-tools, scraping-tools, search-engines",2026-05-13,https://github.com/apurvsinghgautam/dark-web-osint-tools
adysec/nuclei_poc,Nuclei POC，每2小时更新 | 自动整合全网Nuclei的漏洞POC，实时同步更新最新POC，保存已被删除的POC。通过批量克隆Github项目，获取Nuclei POC，并将POC按类别分类存放，使用Github Action实现。已有41w+POC，其中3.5w+高质量POC,,2020,494,"daily, exploit, exploits, fingerprint, hack-tools, hacker, hacking, nuclei, nuclei-templates, poc, scanner, security, security-scanner",2026-05-13,https://github.com/adysec/nuclei_poc
rasta-mouse/Sherlock,PowerShell script to quickly find missing software patches for local privilege escalation vulnerabilities.,PowerShell,2006,412,,2026-05-13,https://github.com/rasta-mouse/Sherlock
photonixapp/photonix,"A modern, web-based photo management server. Run it on your home server and it will let you find the right photo from your collection on any device. Smart filtering is made possible by object recognition, face recognition, location awareness, color analysis and other ML algorithms.",Python,1943,137,"ai, django, docker, docker-image, face-recognition, gallery, google-photos, image-recognition, javascript, management, ml, object-detection, photo, photo-manager, photography, python, react, storage, tensorflow, web",2026-05-13,https://github.com/photonixapp/photonix
0xKayala/NucleiFuzzer,"NucleiFuzzer is a robust automation tool that efficiently detects web application vulnerabilities, including XSS, SQLi, SSRF, and Open Redirects, leveraging advanced scanning and URL enumeration techniques",Python,1835,258,"fuzzing-templates, gauplus, hakrawler, katana, nuclei, nuclei-fuzzer, nuclei-templates, nucleifuzzer, paramspider, uro, waybackurls",2026-05-13,https://github.com/0xKayala/NucleiFuzzer
osintambition/Social-Media-OSINT-Tools-Collection,A collection of most useful osint tools for SOCINT.,,1783,211,"humint, osint, osint-resources, osint-toolkit, osint-tools, osinttool, social, social-media, socint, socmint",2026-05-13,https://github.com/osintambition/Social-Media-OSINT-Tools-Collection
sixthsurge/photon,A gameplay-focused shader pack for Minecraft,GLSL,1770,294,,2026-05-12,https://github.com/sixthsurge/photon
megadose/OnionSearch,OnionSearch is a script that scrapes urls on different .onion search engines.,Python,1688,217,"ahmia, deeplink, information-gathering, onion, open-source-intelligence, osint, osint-tools, phobos, pypi, python, scrapes-urls, search-engines",2026-05-12,https://github.com/megadose/OnionSearch
yydcdut/PhotoNoter,:notebook:Material Design风格的开源照片笔记。(MVP+Dagger2+RxJava+AspectJ+Dex处理),Java,1573,330,"android, animation, aop-aspects, aspectj, camera2-api, dex, material-design, mvp-android, mvp-architecture, rxandroid, rxjava",2026-04-29,https://github.com/yydcdut/PhotoNoter
kaifcodec/user-scanner,"🕵️‍♂️ (2-in-1) Email & Username OSINT suite. Analyzes 195+ scan vectors (95+ email / 100+ username) for security research, investigations, and digital footprinting.",Python,1527,162,"cybersecurity, cybersecurity-tools, email-osint, enumeration, osint, osint-email, osint-tool, osint-tools, osint-username, python, threat-intelligence, username-osint",2026-05-12,https://github.com/kaifcodec/user-scanner
thomasxiii/photon,CSS 3D Lighting Engine,JavaScript,1446,105,,2026-05-01,https://github.com/thomasxiii/photon
projectdiscovery/nuclei-burp-plugin,Nuclei plugin for BurpSuite,Java,1325,133,,2026-05-13,https://github.com/projectdiscovery/nuclei-burp-plugin
photon-hq/imessage-kit,"A type-safe, elegant iMessage SDK for macOS with zero dependencies",TypeScript,1318,124,"agent, ai, apple, imessage, sms, typescript",2026-05-12,https://github.com/photon-hq/imessage-kit
topscoder/nuclei-wordfence-cve,"70k+ WordPress Nuclei templates, updated daily from Wordfence intel—filter by severity/tags/CVE and scan in one line. 🚀🔒",Python,1236,152,"awesome-list, bugbounty, cve, cybersecurity, ethical-hacking, exploits, hacker, nuclei, nuclei-scan, nuclei-templates, pentesting, projectdiscovery, scanner, security, vulnerability, vulnerability-management, vulnerability-scanning, wordfence, wordpress",2026-05-13,https://github.com/topscoder/nuclei-wordfence-cve
HowToFind-bot/osint-tools,OSINT open-source tools catalog,,1216,143,"analysis, bssid, catalog, creditcard, cryptocurrency, email, fullname, leaks, osint, osint-framework, osint-resources, osint-tool, osint-tools, platenumber, repository, username-checker",2026-05-13,https://github.com/HowToFind-bot/osint-tools
alibaba/PhotonLibOS,Probably the fastest coroutine lib in the world!,C++,1191,170,"async-io, coroutine, cpp, fs-library, http, iouring, libos, net-library, rpc",2026-05-13,https://github.com/alibaba/PhotonLibOS
emadshanab/Nuclei-Templates-Collection,Nuclei Templates Collection,Python,1135,280,,2026-05-12,https://github.com/emadshanab/Nuclei-Templates-Collection
N0rz3/Zehef,Zehef is an osint tool to track emails,Python,1012,113,"account-checker, breach-check, cybersecurity, email-osint, osint, osint-python, osint-tool, osint-tools",2026-05-09,https://github.com/N0rz3/Zehef
eszdman/PhotonCamera,Android Camera that uses Enhanced image processing,Java,1009,100,"android, android-camera, camera2-api, computational-photography, computer-vision, gpu-acceleration, image-processing, photography",2026-05-13,https://github.com/eszdman/PhotonCamera
daprofiler/DaProfiler,"DaProfiler is an OSINT tool allowing you to collect certain information about yourself in order to rectify by rgpd requests the traces you may have left on the net. DaProfiler is indeed able to recover: Addresses, Social media accounts, e-mail addresses, mobile / landline number, jobs.",Python,1002,118,"email, emails, facebook, france, information-gathering, instagram, intelligence, osint, osint-python, osint-tools, person-search, python, skype, social-media, social-network, threat-intelligence, tracelabs",2026-05-07,https://github.com/daprofiler/DaProfiler
nghorbani/amass,Data preparation and loader for AMASS,Jupyter Notebook,971,101,"action-recognition, human, motion, motion-capture, pose-estimation",2026-05-13,https://github.com/nghorbani/amass
OhShINT/ohshint.gitbook.io,"So what is this all about? Yep, its an OSINT blog and a collection of OSINT resources and tools. Suggestions for new OSINT resources is always welcomed.",HTML,921,96,"corpint, dnint, finint, geoint, imint, information-gathering, ohshint, open-source-intelligence, opsec, orbint, osint, osint-resources, osint-tools, search-engines, sigint, socmint, surveillance, tradint, tscm, vatint",2026-05-08,https://github.com/OhShINT/ohshint.gitbook.io
ausaki/subfinder,,Python,861,93,"finder, shooter, subfinder, subtitle, subtitle-finder, subtitles",2026-05-01,https://github.com/ausaki/subfinder
seekr-osint/seekr,A multi-purpose OSINT toolkit with a neat web-interface.,Go,805,75,"badgerdb, email-osint, github-osint, go-osint-tool, golang, golang-osint, information-gathering, open-source-intelligence, osint, osint-framework, osint-tool, osint-toolkit, osint-tools, people-osint, social-engineering, typescript, web-interface",2026-05-11,https://github.com/seekr-osint/seekr
photon-hq/qclaw-wechat-client,Reverse-engineered TypeScript client for QClaw's WeChat Access API.,TypeScript,800,381,"agent, openclaw, qclaw, wechat",2026-05-10,https://github.com/photon-hq/qclaw-wechat-client
linkedin/photon-ml,A scalable machine learning library on Apache Spark,Terra,797,174,,2026-03-22,https://github.com/linkedin/photon-ml
Skxxtz/sherlock,A versatile application/command launcher for wayland. Built with rust and gtk4,Rust,758,34,"gtk4, launcher-application, rust",2026-05-05,https://github.com/Skxxtz/sherlock
hueristiq/xurlfind3r,"A command-line utility designed to discover URLs for a given domain in a simple, efficient way. It works by gathering information from a variety of passive sources, meaning it doesn't interact directly with the target but instead gathers data that is already publicly available.",Go,702,77,"bug-bounty, bug-bounty-tools, contentdiscovery, ethical-hacking, ethical-hacking-tools, go, golang, osint, osint-tools, penetration-testing, penetration-testing-tools, reconnaissance, red-teaming, red-teaming-tools, web-security",2026-05-13,https://github.com/hueristiq/xurlfind3r
idefasoft/Emora-Project,"Emora is an OSINT tool like sherlock but with a GUI, which search for accounts by username across social networks",C#,690,472,"analysis, automation, csharp, cybersecurity, discovery, gui, information-gathering, osint, osint-tools, reconnaissance, search, social-media, tools, username, username-checker, username-osint, windows",2026-05-13,https://github.com/idefasoft/Emora-Project
phodal/sherlock,Skill Tree Sherlock,JavaScript,677,123,,2026-05-07,https://github.com/phodal/sherlock
UltimateSec/ultimaste-nuclei-templates,极致攻防实验室 nuclei 检测 POC,,645,92,,2026-04-27,https://github.com/UltimateSec/ultimaste-nuclei-templates
ossrs/httpx-static,A HTTP/HTTPS API proxy for SRS.,Go,643,220,"cdn, cluster, hls, http-flv, http-streaming, live, live-streaming, media-server, rtmp, rtmp-server, srs",2026-05-12,https://github.com/ossrs/httpx-static
abhi16180/photon,Photon is a cross-platform file and folder transfer application built using flutter. It uses http to transfer files between devices. You can transfer files between any devices that run Photon.,Dart,600,47,"android, cross-platform, file-sharing, ios, linux, macos, windows",2026-05-12,https://github.com/abhi16180/photon
veebch/photon,A DIY incident light meter,Python,588,58,,2026-05-12,https://github.com/veebch/photon
iudicium/pryingdeep,Prying Deep - An OSINT tool to collect intelligence on the dark web.,Go,583,51,"crawler, darkweb, go, gocolly, golang-osint, onion, osint, osint-tools, pryingdeep, security-tools",2026-05-11,https://github.com/iudicium/pryingdeep
joamatab/awesome_photonics,😎 curated list of open source photonics projects,Makefile,576,83,"awesome, awesome-list, photonics, python",2026-05-13,https://github.com/joamatab/awesome_photonics
ayadim/Nuclei-bug-hunter,i will upload more templates here to share with  the comunity.,,571,100,,2026-05-12,https://github.com/ayadim/Nuclei-bug-hunter
AnonCatalyst/Ominis-OSINT,"This Python application is an OSINT (Open Source Intelligence) tool called ""Ominis OSINT - Web Hunter."" It performs online information gathering by querying Google for search results related to a user-inputted query. The tool extracts relevant information such as titles, URLs, and potential mentions of the query in the results.",Python,564,59,"finder, forensics, information-gathering, infosec, offsec, ominis-osint, osint, osint-resources, osint-tools, python, reconnaissance, scraping, search-engine, username, username-checker, web, websearch",2026-05-13,https://github.com/AnonCatalyst/Ominis-OSINT
neilgupta/Sherlock,Natural-language event parser for Javascript,HTML,563,34,"datetime, event-parser, javascript, natural-language-processing, nlp, regex",2026-04-25,https://github.com/neilgupta/Sherlock
projectdiscovery/nuclei-ai-extension,Nuclei AI - Browser Extension for Rapid Nuclei Template Generation,JavaScript,552,53,"ai, cloud, exploit, nuclei, nuclei-templates",2026-05-06,https://github.com/projectdiscovery/nuclei-ai-extension
N0rz3/Eyes,🕵️ Email osint tool,Python,533,64,"account, cli, duolingo, email, faciale, github, imgur, osint, osint-email, osint-python, osint-tool, osint-tools, protonmail, reconnaissance",2026-05-02,https://github.com/N0rz3/Eyes
Xyphyn/photon,"A faster, prettier, and nicer fediverse client",Svelte,525,58,"fediverse, lemmy, svelte",2026-05-13,https://github.com/Xyphyn/photon
photondb/photondb,A high-performance storage engine for modern hardware and platforms.,Rust,520,29,"database, rust, storage-engine",2026-04-04,https://github.com/photondb/photondb
coffinxp/nuclei-templates,,,515,145,,2026-05-07,https://github.com/coffinxp/nuclei-templates
Colin-b/pytest_httpx,pytest fixture to mock HTTPX,Python,448,38,"hacktoberfest, http, httpx, pytest, python, testing",2026-05-08,https://github.com/Colin-b/pytest_httpx
optiv/mobile-nuclei-templates,,,435,90,,2026-05-11,https://github.com/optiv/mobile-nuclei-templates
edoardottt/missing-cve-nuclei-templates,"Weekly updated list of missing CVEs in nuclei templates official repository. Mainly built for bug bounty, but useful for penetration tests and vulnerability assessments too.",Shell,433,48,"automation, bug-bounty, bug-hunting, bugbounty, bugbounty-tool, bugbountytips, cve, cve-scanning, hacking, nuclei, nuclei-engine, nuclei-templates, penetration-testing, pentesting, projectdiscovery, security, security-tools, vulnerability-detection, vulnerability-scanners",2026-05-11,https://github.com/edoardottt/missing-cve-nuclei-templates
sherlock-project/sherlockproject.xyz,Sherlock Project's homepage,MDX,411,119,"homepage, osint, python, reconnaissance, sherlock, sherlock-project, website",2026-05-13,https://github.com/sherlock-project/sherlockproject.xyz
L-M-Sherlock/sm18-lazy-package,SuperMemo 18 中文懒人包,HTML,387,36,supermemo,2026-05-13,https://github.com/L-M-Sherlock/sm18-lazy-package
Yong-An-Dang/nuclei-plus,Functional enhancement based on nuclei.  基于 nuclei 的功能增强。,Java,387,36,"ai, allinone, editor, nuclei, nuclei-plus, pentest, pentest-tool, plugin-system, poc, template",2026-05-08,https://github.com/Yong-An-Dang/nuclei-plus
py-sherlock/sherlock,Easy distributed locks for Python with a choice of backends.,Python,378,34,"distributed-locking, distributed-systems, python, python3",2026-04-25,https://github.com/py-sherlock/sherlock
reewardius/Nuclei-AI-Prompts,Nuclei-AI-Prompts,,362,69,,2026-05-11,https://github.com/reewardius/Nuclei-AI-Prompts
linuxadi/40k-nuclei-templates,"40,000+ Nuclei templates for security scanning and detection across diverse web applications and services",,350,69,,2026-05-12,https://github.com/linuxadi/40k-nuclei-templates
0xKayala/NucleiScanner,NucleiScanner is a Powerful Automation tool for detecting Unknown Vulnerabilities in the Web Applications,Shell,344,45,,2026-04-16,https://github.com/0xKayala/NucleiScanner
SirBugs/Priv8-Nuclei-Templates,My Priv8 Nuclei Templates,,342,75,,2026-05-10,https://github.com/SirBugs/Priv8-Nuclei-Templates
rtyley/roboguice-sherlock,RoboGuice classes extending ActionBarSherlock classes,Java,332,102,,2026-04-25,https://github.com/rtyley/roboguice-sherlock
unjs/httpxy,🔀 A Full-Featured HTTP and WebSocket Proxy for Node.js,TypeScript,306,26,,2026-05-06,https://github.com/unjs/httpxy
geeknik/the-nuclei-templates,Nuclei templates written by geeknik. Claude is my co-pilot. 🤖,,301,73,"fuzzing, hacking, infosec, nuclei, open-source, oss, pentest, red-team, security, templates",2026-05-11,https://github.com/geeknik/the-nuclei-templates
dvopsway/datasploit,"A tool to perform various OSINT techniques, aggregate all the raw data, visualise it on a dashboard, and facilitate alerting and monitoring on the data.",Python,298,696,,2026-05-11,https://github.com/dvopsway/datasploit
krishpranav/maigret,A simple username osint tool built in rust,Rust,286,44,"cli, golang, information-gathering, information-retrieval, osint, reconnaissance, rust, tools",2026-05-11,https://github.com/krishpranav/maigret
lanmaster53/recon-ng-marketplace,Official module repository for the Recon-ng Framework.,Python,263,95,,2026-05-06,https://github.com/lanmaster53/recon-ng-marketplace
akitaonrails/FrankSherlock,"Intelligent File Searcher that can search for descriptions in media files like photos, for example ""receipt from market of $42.00"" using AI based classification",Rust,258,24,,2026-05-11,https://github.com/akitaonrails/FrankSherlock
nicolasjafelle/SherlockNavigationDrawer,"SherlockNavigationDrawer is the implementation of the latest Google UX component, Navigation Drawer. It should work exactly as Google Drive plus!! It works with ActionBarSherlock and devices with pre HC.",Java,252,99,,2025-10-06,https://github.com/nicolasjafelle/SherlockNavigationDrawer
megadose/holehe-maltego,Holehe transform for maltego,Python,251,54,"information-gathering, maltego, maltego-transformations, open-source-intelligence, osint, osint-tools, python",2026-05-11,https://github.com/megadose/holehe-maltego
BurtTheCoder/mcp-maigret,"MCP server for maigret, a powerful OSINT tool that collects user account information from various public sources.",JavaScript,240,36,"javascript, maigret, mcp, osint, social-media, username-search",2026-05-02,https://github.com/BurtTheCoder/mcp-maigret
HoneyryderChuck/httpx,(Mirror) An HTTP client library for ruby,Ruby,237,17,"http-client, http2-client, https, ruby",2026-05-12,https://github.com/HoneyryderChuck/httpx
subfinder/goaltdns,A permutation generation tool written in golang,Go,212,30,"bruteforce, bruteforce-subdomain, bug-bounty, golang, hacking, infosec, netsec, recon, subdomain-discovery, subdomains",2026-05-10,https://github.com/subfinder/goaltdns
florimondmanca/httpx-sse,Consume Server-Sent Event (SSE) messages with HTTPX,Python,206,15,,2026-04-15,https://github.com/florimondmanca/httpx-sse
GitSquared/sherlock-js,Find usernames across over 170 social networks - Fast & flexible remake of sdushantha/sherlock,JavaScript,200,22,"cli, linux, macos, nodejs, osint, reconnaissance, sherlock, windows",2026-05-06,https://github.com/GitSquared/sherlock-js
mitmedialab/sherlock-project,"This repository provides data and scripts to use Sherlock, a DL-based model for semantic data type detection: https://sherlock.media.mit.edu.",Jupyter Notebook,186,74,"deep-learning, semantic-table-interpretation, semantic-type-detection, tables",2026-04-11,https://github.com/mitmedialab/sherlock-project
EvilBT/SherlockAdapter,一个万能的封装了RecyclerView.Adapter的功能库。,Java,185,37,"adapter, diffutils, recyclerview",2026-05-07,https://github.com/EvilBT/SherlockAdapter
ddewaele/GoogleMapsV2WithActionBarSherlock,This is a skeleton projects + full tutorial for using Google Maps v2 on Android with ActionBarSherlock 4.3.1,Java,184,173,,2026-03-09,https://github.com/ddewaele/GoogleMapsV2WithActionBarSherlock
frankie567/httpx-oauth,Async OAuth client using HTTPX,Python,180,53,"async, httpx, oauth, oauth2, python3",2026-05-13,https://github.com/frankie567/httpx-oauth
Raikia/Recon-NG-API-Key-Creation,One of the biggest annoyances of using Recon-ng is getting everything set up to use it.  So here I’ll outline the different API keys it can use and where to get them yourself.,,170,63,,2026-05-11,https://github.com/Raikia/Recon-NG-API-Key-Creation
yahoo/sherlock,Sherlock is an anomaly detection service built on top of Druid,Java,157,37,"anomaly-detection, druid, jobscheduler, redis, redis-cluster, sparkjava, timeseries",2026-03-24,https://github.com/yahoo/sherlock
L-M-Sherlock/thoughts-memo-translation,Thoughts Memo 汉化组翻译合集,Python,150,10,"education, learning, translation",2026-05-12,https://github.com/L-M-Sherlock/thoughts-memo-translation
sherlock-protocol/sherlock-reports,Sherlock audit and coverage reports,,149,33,,2026-05-08,https://github.com/sherlock-protocol/sherlock-reports
L-M-Sherlock/ZhiHuArchive,,HTML,149,10,"archive, writing, zhihu",2026-05-08,https://github.com/L-M-Sherlock/ZhiHuArchive
frankie567/httpx-ws,WebSocket support for HTTPX,Python,149,29,"httpx, websockets",2026-05-11,https://github.com/frankie567/httpx-ws
Colin-b/httpx_auth,Authentication classes to be used with httpx,Python,142,35,"active-directory, api-key, auth, aws, azure, hacktoberfest, httpx, oauth2, okta, python",2026-05-13,https://github.com/Colin-b/httpx_auth
t3l3machus/Synergy-httpx,A Python http(s) server designed to assist in red teaming activities such as receiving intercepted data via POST requests and serving content dynamically (e.g. payloads).,Python,139,17,"arduino, attiny85, hacking, hacking-tools, offensive-security, penetration-testing-tools, pentesting, red-teaming, redteam, t3l3machus",2026-04-20,https://github.com/t3l3machus/Synergy-httpx
servicex-sh/httpx,httpx - CLI to test HTTP/gRPC/RSocket/Kafka... services by HTTP DSL,Java,137,9,,2026-01-19,https://github.com/servicex-sh/httpx
soxoj/maigret-tg-bot,Maigret Telegram bot,Python,122,31,"maigret, namecheck, osint, telegram-bot",2026-05-13,https://github.com/soxoj/maigret-tg-bot
scumsec/Recon-ng-modules,Additional modules for recon-ng,Python,106,24,,2026-02-27,https://github.com/scumsec/Recon-ng-modules
PatrikFehrenbach/amass-tools,,Ada,105,26,,2026-03-24,https://github.com/PatrikFehrenbach/amass-tools
mxrch/ghunt_companion,"Load all needed cookies to use GHunt peacefully, fast.",JavaScript,104,17,,2026-05-07,https://github.com/mxrch/ghunt_companion
ringabout/httpx,Cross platform web server for Nim.,Nim,97,6,,2026-04-01,https://github.com/ringabout/httpx
goforj/httpx,"A modern, generics-first fluent HTTP client for Go - built on req, designed for ergonomic, type-safe APIs with powerful defaults and escape hatches.",Go,97,3,"api-client, developer-tools, generics, go, go-library, golang, http, http-client, networking, req, rest, typed",2026-03-08,https://github.com/goforj/httpx
pydantic/httpx2,A next generation HTTP client for Python. 🦋,Python,96,3,,2026-05-14,https://github.com/pydantic/httpx2
bojanz/httpx,"Provides an extended, production-ready HTTP server.",Go,93,7,,2024-10-15,https://github.com/bojanz/httpx
romis2012/httpx-socks,"Proxy (HTTP, SOCKS) transports for httpx",Python,86,9,"asyncio, http, httpx, proxy, python, socks4, socks5, trio",2026-03-04,https://github.com/romis2012/httpx-socks
soxoj/maigret-maltego,Maltego transformation for searching of accounts by username,Python,84,11,"maigret, maltego, maltego-transformations, osint, username-checker",2026-05-10,https://github.com/soxoj/maigret-maltego
blacklanternsecurity/spiderfoot-neo4j,"Import, visualize, and analyze SpiderFoot scans in Neo4j, a graph database",Python,81,10,,2026-04-13,https://github.com/blacklanternsecurity/spiderfoot-neo4j
will-ockmore/httpx-retries,A retry layer for HTTPX.,Python,74,15,,2026-05-04,https://github.com/will-ockmore/httpx-retries
johtso/httpx-caching,Caching for HTTPX,Python,74,6,,2026-05-04,https://github.com/johtso/httpx-caching
ghuntley/ghuntley-monorepo-retired,,JavaScript,65,5,"docker, dotnet, golang, haskell, kubernetes, monorepo, nix, rust, terraform",2026-04-09,https://github.com/ghuntley/ghuntley-monorepo-retired
Maxlo24/AMASSS_CBCT,Automatic segmentation of CBCT scans with a 3D Unet,Python,63,12,,2026-05-06,https://github.com/Maxlo24/AMASSS_CBCT
h33tlit/Nuclei-and-Subfinder-API,Web API for nuclei and subfinder will help you automate your entire security testing workflow since you can host it anywhere and make it accessible.,Go,61,15,"api, fastapi, nuclei, python, vulnerability-assessment, vulnerability-detection, vulnerability-scanners",2025-10-31,https://github.com/h33tlit/Nuclei-and-Subfinder-API
SuperNG6/docker-subfinder,subfinder 字幕查找器 自动搜索并下载影视字幕,Dockerfile,61,8,,2026-02-22,https://github.com/SuperNG6/docker-subfinder
owasp-amass/open-asset-model,Asset definitions for an organization's external attack surface,Go,60,17,,2026-05-06,https://github.com/owasp-amass/open-asset-model
Mathux/AMASS-Annotation-Unifier,"Unify text-motion datasets (like BABEL, HumanML3D, KIT-ML) into a common motion-text representation.",Python,60,2,,2026-04-13,https://github.com/Mathux/AMASS-Annotation-Unifier
AndreLouisCaron/httpxx,C++ wrapper for C-based HTTP parser,C++,57,24,,2024-10-23,https://github.com/AndreLouisCaron/httpxx
opsdisk/theHarvester,A multithreaded rewrite of the classic theHarvester email address collection script.,Python,56,13,,2026-02-05,https://github.com/opsdisk/theHarvester
webdragon63/Mr.Holmes,A Complete OSINT Tool,Python,56,16,"mrholmes, osint-toolkit",2026-05-13,https://github.com/webdragon63/Mr.Holmes
megadose/toutatis-maltego,Toutatis transform for maltego,Python,55,23,"information-gathering, maltego, maltego-transformations, open-source-intelligence, osint, osint-tools, python",2026-05-12,https://github.com/megadose/toutatis-maltego
owasp-amass/amass-docker-compose,OWASP Amass Docker Compose for setting up a full instance of the infrastructure,,54,15,"asm, attack-surface, attack-surface-management, discovery, docker-compose, internet-security, owasp, recon, scouting, visibility",2026-04-07,https://github.com/owasp-amass/amass-docker-compose
owasp-amass/resolve,DNS resolver pools written in Go,Go,52,13,"brute-force, dns, go, golang, golang-package, high-performance, nsec-walking, zone-transfers",2026-04-11,https://github.com/owasp-amass/resolve
ghuntley/ghuntley,@ghuntley's personal monorepo,Nix,46,5,,2026-04-15,https://github.com/ghuntley/ghuntley
ParrotSec/spiderfoot,,Python,40,8,,2026-04-08,https://github.com/ParrotSec/spiderfoot
digininja/scanner_user_agents,A list of user agents belonging to common web scanners.,,40,3,,2025-02-21,https://github.com/digininja/scanner_user_agents
methos2016/recon-ng,Recon-ng is a full-featured Web Reconnaissance framework written in Python.,Python,39,16,,2026-04-08,https://github.com/methos2016/recon-ng
bostonlink/recon-ng-maltego,recon-ng Maltego local transform pack,Python,39,13,,2026-01-13,https://github.com/bostonlink/recon-ng-maltego
pdechandon/holehe,,Python,38,3,,2025-04-27,https://github.com/pdechandon/holehe
censys/censys-recon-ng,recon-ng modules for Censys,Python,37,14,"censys-api, cybersecurity, osint, osint-reconnaissance, osinttool, penetration-testing, pentesting, python, recon-ng, recon-ng-modules, threat-hunting, threat-intelligence, threatintel",2025-12-09,https://github.com/censys/censys-recon-ng
ssaket/amass-annotate-image,A tool to quickly Search and Annotate images online from multiple sources. Built with ❤️ using React,JavaScript,35,1,"annotate-images, opencv, search-images, search-images-by-keywords",2025-05-07,https://github.com/ssaket/amass-annotate-image
kk12-30/subfinder-x,subfinder-x是一款高性能的子域名爆破工具，使用 Go 语言开发，专为信息收集和渗透测试场景设计。该工具能够快速发现目标域名的子域名，并支持多级子域名扫描、HTTP服务识别和指纹识别等功能。,,32,5,,2026-03-10,https://github.com/kk12-30/subfinder-x
0xbharath/datasploit,"Utilizing various Open Source Intelligence (OSINT) tools and techniques that we have found to be effective, DataSploit brings them all into one place, correlates the raw data captured and gives the user, all the relevant information about the domain/email/ phone number/person, etc. It allows you to collect relevant information about a target which can expand your attack/defence surface very quickly. Sometimes it might even pluck the low hanging fruits for you without even touching the target and give you quick wins. More documentation here: http://datasploit.readthedocs.io/en/latest/.",Python,32,7,,2026-02-19,https://github.com/0xbharath/datasploit
anthophilee/SpiderFoot-,"ادات جلب معلوماتUSES SpiderFoot can be used offensively (e.g. in a red team exercise or penetration test) for reconnaissance of your target or defensively to gather information about what you or your organisation might have exposed over the Internet.  You can target the following entities in a SpiderFoot scan:  IP address Domain/sub-domain name Hostname Network subnet (CIDR) ASN E-mail address Phone number Username Person's name Bitcoin address SpiderFoot's 200+ modules feed each other in a publisher/subscriber model to ensure maximum data extraction to do things like:  Host/sub-domain/TLD enumeration/extraction Email address, phone number and human name extraction Bitcoin and Ethereum address extraction Check for susceptibility to sub-domain hijacking DNS zone transfers Threat intelligence and Blacklist queries API integration with SHODAN, HaveIBeenPwned, GreyNoise, AlienVault, SecurityTrails, etc. Social media account enumeration S3/Azure/Digitalocean bucket enumeration/scraping IP geo-location Web scraping, web content analysis Image, document and binary file meta data analysis Dark web searches Port scanning and banner grabbing Data breach searches So much more... INSTALLING & RUNNING To install and run SpiderFoot, you need at least Python 3.6 and a number of Python libraries which you can install with pip. We recommend you install a packaged release since master will often have bleeding edge features and modules that aren't fully tested.  Stable build (packaged release): $ wget https://github.com/smicallef/spiderfoot/archive/v3.3.tar.gz $ tar zxvf v3.3.tar.gz $ cd spiderfoot ~/spiderfoot$ pip3 install -r requirements.txt ~/spiderfoot$ python3 ./sf.py -l 127.0.0.1:5001 Development build (cloning git master branch): $ git clone https://github.com/smicallef/spiderfoot.git $ cd spiderfoot $ pip3 install -r requirements.txt ~/spiderfoot$ python3 ./sf.py -l 127.0.0.1:5001 Check out the documentation and our asciinema videos for more tutorials.  COMMUNITY Whether you're a contributor, user or just curious about SpiderFoot and OSINT in general, we'd love to have you join our community! SpiderFoot now has a Discord server for chat, and a Discourse server to serve as a more permanent knowledge base.",,29,8,,2026-04-03,https://github.com/anthophilee/SpiderFoot-
edpsw/amass_g1_retargeting,This repository provides tools to retarget motion data from the AMASS dataset to G1 humanoid motions.,,29,8,,2026-04-25,https://github.com/edpsw/amass_g1_retargeting
splitsploit/holehe,"holehe allows you to check if the mail is used on different sites like twitter, instagram and will retrieve information on sites with the forgotten password function. Cloned from Megadose, thanks to him",,25,4,,2026-05-07,https://github.com/splitsploit/holehe
sds-osint/holehe-web,A basic web implementation of Holehe,JavaScript,25,10,"holehe, osint, osint-tools",2026-05-10,https://github.com/sds-osint/holehe-web
soxoj/maigret-adapter,Connect Maigret with other tools,Python,25,5,osint,2026-05-02,https://github.com/soxoj/maigret-adapter
owasp-amass/asset-db,Database interaction layer to store the Open Asset Model in a database management system,Go,25,20,"attack-surface, attack-surface-management, digital-footprint, digital-footprint-analysis, digital-footprint-data, vulnerability-management",2026-05-07,https://github.com/owasp-amass/asset-db
appsecco/docker-datasploit,Docker container for datasploit framework,Shell,25,4,"datasploit, datasploit-framework, docker, osint, security",2025-12-09,https://github.com/appsecco/docker-datasploit
kpcyrd/sn0int-modules,,Lua,24,4,,2026-01-10,https://github.com/kpcyrd/sn0int-modules
projectdiscovery/subfinder-action,Fast and passive subdomain enumeration.,,20,10,"enumeration, osint, subdomain",2026-04-23,https://github.com/projectdiscovery/subfinder-action
farbodbj/SubFinder,SubFinder is an open-source tool designed to combat internet censorship,Go,20,0,"free-internet, gfw, gfw-breaker, v2ray, vpn",2026-02-20,https://github.com/farbodbj/SubFinder
sharathunni/auto-recon-ng,"Automated script to run all modules for a specified list of domains, netblocks or company name",Python,19,3,"domain-enumeration, enumeration, informationgathering, penetration-testing, recon-ng, reconnaissance",2025-12-09,https://github.com/sharathunni/auto-recon-ng
403labs/recon-ng_modules,Recon-ng modules that won't get accepted into the main distribution because of 3rd party dependencies.,Python,18,2,,2024-11-03,https://github.com/403labs/recon-ng_modules
Apollo99-Games/Rigidbody-Network-Prediction-and-Reconciliation-for-Unity-NGO,An implementation of Rigidbody Network Prediction and Reconciliation for Unity's Netcode for Gameobjects,C#,18,3,"multiplayer, netcode, netcode-for-gameobjects, network, network-prediction, network-rigid-body, unity3d",2026-04-10,https://github.com/Apollo99-Games/Rigidbody-Network-Prediction-and-Reconciliation-for-Unity-NGO
owasp-amass/homebrew-amass,The OWASP Amass Homebrew Formula,Ruby,18,5,"amass, attacksurface, attacksurfacemapper, homebrew, macos, package-management",2026-04-27,https://github.com/owasp-amass/homebrew-amass
mxrch/ghunt-rdtk,GHunt Research & Development Toolkit,Python,17,1,,2025-12-25,https://github.com/mxrch/ghunt-rdtk
subfinder/urlx,extracts urls from text,Go,16,1,,2024-12-11,https://github.com/subfinder/urlx
kodamaChameleon/ghunt-maltego,Maltego Transform Partner to Ghunt,Python,16,2,"ghunt, google, maltego, maltego-transformations, osint, osint-tool",2026-03-31,https://github.com/kodamaChameleon/ghunt-maltego
ParrotSec/theharvester,,Python,15,5,,2026-03-16,https://github.com/ParrotSec/theharvester
0u44/SpiderFoot,launch spiderfoot easily from any terminal!,Shell,15,1,"background, bash, database, hack, hacking, linux, shell",2026-02-17,https://github.com/0u44/SpiderFoot
interference-security/recon-ng-web,Web interface for recon-ng,PHP,14,17,,2024-10-03,https://github.com/interference-security/recon-ng-web
TeRyZh/Reconstruction-NGSIM-Trajectory-with-DMD-and-Res_UNet_plus,This contains the model and data for reconstructing NGSIM dataset,Python,14,3,,2025-12-25,https://github.com/TeRyZh/Reconstruction-NGSIM-Trajectory-with-DMD-and-Res_UNet_plus
AnonHackerx/Mr.Holmes,pkg install proot         git clone https://github.com/Lucksi/Mr.Holmes.git         cd Mr.Holmes         proot -0 chmod +x install_Termux.sh         ./install_Termux.sh,,14,0,,2025-08-25,https://github.com/AnonHackerx/Mr.Holmes
appsecco/datasploit-ansible,Ansible Playbook for setting up Datasploit,,14,4,"ansible, automation, docker, osint, security",2023-01-21,https://github.com/appsecco/datasploit-ansible
amroot/amass-to-csv,A simple script that generates an Excel friendly CSV file from an Amass JSON file.,Python,13,5,,2023-12-13,https://github.com/amroot/amass-to-csv
DavidJones805/Social-Media-Analyzer,"A program that analyzes social media activity, such as likes and shares, and generates reports.",,13,0,,2025-09-17,https://github.com/DavidJones805/Social-Media-Analyzer
noname1007/Mr.Holmes,,Python,13,7,,2026-03-30,https://github.com/noname1007/Mr.Holmes
ZonkSec/indeed-recon-ng-script,A recon-ng module for crawling Indeed.com for contacts and resumes.,Python,12,3,,2026-04-14,https://github.com/ZonkSec/indeed-recon-ng-script
himanshujindal/Reconstructing-Books-from-Google-Ngrams,Reconstructs whole books from the ngrams provided by google at http://books.google.com/ngrams/datasets,C,12,3,,2025-10-27,https://github.com/himanshujindal/Reconstructing-Books-from-Google-Ngrams
XinLang2019/AMASS-Motion-Retargeting,"this code can retarget AMASS dataset to the G1,H1 robot, which can be used to train policy.",Python,12,0,,2026-02-10,https://github.com/XinLang2019/AMASS-Motion-Retargeting
OWASP/www-project-amass,OWASP Foundation Web Respository,HTML,12,9,,2026-04-20,https://github.com/OWASP/www-project-amass
ydumund/ghunter,,HTML,12,0,,2023-11-23,https://github.com/ydumund/ghunter
samglish/Recon-ng,Recognition tool,,11,0,,2025-07-19,https://github.com/samglish/Recon-ng
Dec0ne/Recon-ng-Modules,Recon-ng modules for basic OSINT.,Python,11,1,,2024-12-12,https://github.com/Dec0ne/Recon-ng-Modules
Janddda/spiderfoot,"SpiderFoot, the open source footprinting and intelligence-gathering tool.",Python,11,8,,2026-02-16,https://github.com/Janddda/spiderfoot
OCEANOFANYTHING/spiderfoot,,Python,11,3,,2026-03-27,https://github.com/OCEANOFANYTHING/spiderfoot
rxrw/docker-subfinder-notify,基于linux文件监听机制的字幕查找容器版,Dockerfile,11,2,,2024-07-03,https://github.com/rxrw/docker-subfinder-notify
OnionSearcher/.OnionSearcher,"(dot)Onion Searcher. An open source, anonymous, no-script friendly, ads free, search engine dedicated to the Tor network",C#,11,6,"azure, bootstrap, bootstrap3, cloud, csharp, css3, html5, javascript, jquery, mvc, onion, plsql, proxy, sqlserver, tor, visual-studio",2026-03-19,https://github.com/OnionSearcher/.OnionSearcher
c4ng4c3ir0/c4ng4recon,,Python,10,4,,2024-12-30,https://github.com/c4ng4c3ir0/c4ng4recon
t94j0/Recon-ng_Reddit,Reddit domain search module for Recon-ng,Python,10,1,,2024-08-12,https://github.com/t94j0/Recon-ng_Reddit
sherwyn11/Social-Distancing-Analyzer,Social Distancing Analyzer using OpenCV and YOLO,Python,10,8,"imutils, numpy, opencv-python, python, yolov3",2025-11-16,https://github.com/sherwyn11/Social-Distancing-Analyzer
erdidogan/username-scanner,Fast & Accurate Username Scanner (Frontend),Vue,10,1,"tailwind, tailwind-css, username-checker, username-scanner, username-search, username-sniper, vitejs",2026-03-13,https://github.com/erdidogan/username-scanner
DrInfy/TheHarvester,RL Zerg bot for Starcraft 2,Python,9,2,,2025-10-22,https://github.com/DrInfy/TheHarvester
bit4woo/theHarvester,theHarvester that change from https://github.com/laramies/theHarvester. add proxy option to cross GFW,Python,9,2,,2025-07-17,https://github.com/bit4woo/theHarvester
xmppadmin/theHarvester,"theHarvester is a tool for gathering e-mail accounts, subdomain names, virtual hosts, open ports/ banners, and employee names from different public sources (search engines, pgp key servers).",Python,9,1,,2026-02-24,https://github.com/xmppadmin/theHarvester
her0marodeur/Spiderfoot-local-data-module,"This module allows Spiderfoot to search local databases. This might be useful, when you want to include databases of leaks and breaches.",Python,9,0,"osint, python, spiderfoot",2025-12-08,https://github.com/her0marodeur/Spiderfoot-local-data-module
realthunder/Connectors_Amass.3dshapes,3D models of AMASS connectors for use in KiCad and FreeCAD,,9,3,,2026-03-28,https://github.com/realthunder/Connectors_Amass.3dshapes
fguisso/amass-action,In-depth Attack Surface Mapping and Asset Discovery for Github Actions,JavaScript,9,7,,2026-04-21,https://github.com/fguisso/amass-action
aaravshah1311/subfinder-GUI,"Subfinder-GUI is a graphical user interface (GUI) version of the popular subfinder tool, designed to find subdomains of a given URL. Built using Node.js, it offers a simple yet efficient way to discover subdomains with ease, making it accessible for beginners and professionals alike.",JavaScript,9,0,"aarav, amass, ap1311, bugbounty-tool, penetration-testing, pentesting, subdomain-enumeration, subdomain-finder, subdomain-scanner, subfinder, subfinder-gui",2026-03-14,https://github.com/aaravshah1311/subfinder-GUI
KTH-LangSec/ghunter,Universal Prototype Pollution Gadgets in JavaScript Runtimes,,9,0,,2026-04-17,https://github.com/KTH-LangSec/ghunter
Randolph001/Social-Media-Sentiment-Analyzer,,Python,9,0,,2025-02-16,https://github.com/Randolph001/Social-Media-Sentiment-Analyzer
GSimas/MrHolmes,🔍Sherlock Holmes books & audiobooks,CSS,9,3,"arthur, audiobooks, books, conan, detective, doyle, elementary, holmes, mr, sherlock, watson",2026-04-20,https://github.com/GSimas/MrHolmes
Abtinz/sherlock-holmes-and-mrjack,this is my C version of Mr.Jack And Sherlock Holmes game.,C,9,0,,2026-03-28,https://github.com/Abtinz/sherlock-holmes-and-mrjack
shakenetwork/Recon-ng,,Python,8,6,,2025-06-02,https://github.com/shakenetwork/Recon-ng
Techzindia/recon-ng_termux_by_viral,,,8,5,,2025-09-29,https://github.com/Techzindia/recon-ng_termux_by_viral
claritysec/amass,Subdomain and Host Enumeration,Go,8,196,,2025-12-12,https://github.com/claritysec/amass
puming/Amass,Jetpack+Okhttp+Retrofit+Dagger2+Rxjava2+ARouter等新时代主流技术栈架构的实践，组件化架构实践，幼儿社交App,Java,8,0,,2021-11-04,https://github.com/puming/Amass
mikedesu/amass-setup,My personal amass setup.,Shell,8,2,,2025-01-16,https://github.com/mikedesu/amass-setup
tegal1337/SubFinder-Web,Subdmain Finder (https://github.com/projectdiscovery/subfinder) in Web,JavaScript,8,1,"subdomain, subdomain-enumeration, subdomain-scanner, subfinder",2025-09-29,https://github.com/tegal1337/SubFinder-Web
v1dhun/subfinder-action,Finding subdomain using subfinder,,8,0,"action, bug-bounty, reconaissance, subdomain-enumeration",2025-10-24,https://github.com/v1dhun/subfinder-action
appheap/social-media-analyzer,,Python,8,5,,2025-08-19,https://github.com/appheap/social-media-analyzer
urdcompere894/social-analyzer,"🔍 Analyze and trace profiles across 1000+ social media platforms, enhancing investigations into suspicious activities with reliable detection modules.",JavaScript,8,0,"ai-python-rag, analyzer, cli, computer-vision, information-gathering, json-format, nodejs, nodejs-cli, numpy, osint, pentest, pentesting, social-analyzer, social-distancing, social-networks, sosint, yolo, yolov3",2026-05-14,https://github.com/urdcompere894/social-analyzer
EngincanV/Social-Media-Analyzer-Service,,TypeScript,8,0,,2021-05-22,https://github.com/EngincanV/Social-Media-Analyzer-Service
MDagni/user-exit-scanner,Abap user-exit scanner,ABAP,8,1,,2025-05-07,https://github.com/MDagni/user-exit-scanner
erdidogan/username-scanner-core,Fast & Accurate  Username Finder,Java,8,0,"docker, java-11, netty, spring-boot, spring-reactive, username, username-checker, username-chooser, username-scanner, username-search",2025-08-01,https://github.com/erdidogan/username-scanner-core
brkalbyrk/async_holehe,Holehe Asynchronous Multi-Search,Python,7,3,,2026-04-12,https://github.com/brkalbyrk/async_holehe
TechnoIndian/SubFinder_BugScaner_BugScaner-Go_Nmap,,Shell,7,3,,2026-03-01,https://github.com/TechnoIndian/SubFinder_BugScaner_BugScaner-Go_Nmap
illusive7ai/Phantom-SubFinder,Ultimate Reconnaissance Tool | Subdomain Discovery | Network Mapping,Python,7,0,,2026-05-06,https://github.com/illusive7ai/Phantom-SubFinder
shreyanshsatvik/social_distance_analyzer,It will help to find the people who are obeying the social distancing rule or not.,Jupyter Notebook,7,4,"opencv, scipy, social-distancing, streamlit, tensorflow2, yolov3",2021-07-11,https://github.com/shreyanshsatvik/social_distance_analyzer
NextKool/Spiderfoot,SpiderFoot automates OSINT for threat intelligence and mapping your attack surface.,Python,6,2,,2026-04-13,https://github.com/NextKool/Spiderfoot
MrFploit/subfinder,Sub Domain Finder,Python,6,0,,2025-09-27,https://github.com/MrFploit/subfinder
sooluh/subfinder,":mag: Find, scan and collect subdomains of any domain.",TypeScript,6,0,"domain, finder, javascript, nodejs, pentest, scanner, subdomain, subdomain-finder, subdomain-scanner, subfinder",2025-04-25,https://github.com/sooluh/subfinder
Mohit10133/social_media_analyzer,,HTML,6,0,,2025-09-21,https://github.com/Mohit10133/social_media_analyzer
DataSploit/Presentations,Presentations and a little show off?,,6,4,,2024-02-23,https://github.com/DataSploit/Presentations
azcdev/theHarvester,theHarvester from edgesecurity. This is a fork from their google code repository,Python,5,1,,2026-01-31,https://github.com/azcdev/theHarvester
marlinkcyber/spiderfoot-mcp,A Model Context Protocol (MCP) server that provides SpiderFoot OSINT automation capabilities to AI assistants and other MCP clients.,Python,5,2,,2026-03-16,https://github.com/marlinkcyber/spiderfoot-mcp
adrihamel/EIP_Module_SpiderFoot-OSINT,Module for SpiderFoot that allows you to obtain a list of emails based on a domain. OSINT for threat intelligence,Python,5,0,,2025-10-27,https://github.com/adrihamel/EIP_Module_SpiderFoot-OSINT
cuongnv126/subfinderapp,Support search subtitles and download.,Kotlin,5,0,,2021-07-20,https://github.com/cuongnv126/subfinderapp
ghuntley/Ghuntley.MvxPlugins.FaceTime,A MvvmCross iOS plugin that provides a way to initiate FaceTime video calls from the ViewModel,C#,5,1,,2017-11-22,https://github.com/ghuntley/Ghuntley.MvxPlugins.FaceTime
themesdefrance/Toutatis,Thèmes de France's 3rd WordPress Theme,CSS,5,3,,2025-07-04,https://github.com/themesdefrance/Toutatis
famous0123/WP-Users-Scanner,"WordPress Users Enumerate, is a tool for bypassing WordPress security to get the site users.",Python,5,8,,2024-04-16,https://github.com/famous0123/WP-Users-Scanner
ben000000/theHarvester,,Python,4,2,i,2025-02-22,https://github.com/ben000000/theHarvester
shahnami/Sn0int-Modules,Sn0Int JSON/CSV Export Module,Python,4,1,,2024-08-12,https://github.com/shahnami/Sn0int-Modules
merlinepedra/SPIDERFOOT,,Python,4,0,,2026-03-16,https://github.com/merlinepedra/SPIDERFOOT
76428778FADA/github_smicallef_spiderfoot,,,4,0,,2025-08-05,https://github.com/76428778FADA/github_smicallef_spiderfoot
onty/armv7-spiderfoot,Spiderfoot docker image,,4,0,,2025-07-29,https://github.com/onty/armv7-spiderfoot
hardsoftsecurity/SpiderFootReverseIPModule,Module created for the reverse identification of websites hosted on the same IP address.,Python,4,1,,2026-04-01,https://github.com/hardsoftsecurity/SpiderFootReverseIPModule
shamhi/subfinder,A simple bot which search subdomains,Python,4,1,,2026-03-27,https://github.com/shamhi/subfinder
SebCorbin/subfinder,Subtitles finder for your Mac,Objective-C,4,0,,2016-08-08,https://github.com/SebCorbin/subfinder
ghuntley/ghuntley.github.io,Geoffrey Huntley's Blog,CSS,4,7,,2026-01-15,https://github.com/ghuntley/ghuntley.github.io
KTH-LangSec/ghunter4node,Universal Prototype Pollution Gadgets in the Node.js Runtime,JavaScript,4,0,,2025-07-01,https://github.com/KTH-LangSec/ghunter4node
Slad3/SocialMediaDataAnalyzer,"API for analysis on user downloadable social media user data. This currently includes messaging, search history, device logins. Yes, social media sites keep all this data.",Python,4,0,"analysis, flask, json-format",2024-11-04,https://github.com/Slad3/SocialMediaDataAnalyzer
g-despot/social-network-analyzer,A simple program that can perform social network analysis tasks on graph data.,Python,4,0,"clustering, community-detection, embedding-vectors, link-prediction, networkx, node-classification, social-network, social-network-analysis",2024-08-03,https://github.com/g-despot/social-network-analyzer
shivani-7024/Social_Media_Content_Analyzer,"Social Media Content Analyzer App: Built an Android app utilizing Google Gemini API to analyze social media content, provide suggestions, and recommend trending hashtags. Focused on seamless API integration, text analysis, and HTML rendering for dynamic content display. Prioritized scalability, error handling, and a user-friendly interface.",Java,4,0,,2025-07-31,https://github.com/shivani-7024/Social_Media_Content_Analyzer
LakshmiTharani/Social-Media-Review-Sentiment-Analyzer-using-NLP,,Jupyter Notebook,4,0,,2026-01-30,https://github.com/LakshmiTharani/Social-Media-Review-Sentiment-Analyzer-using-NLP
69d9/OnionSearch,"The OnionSearch tool is specifically designed to retrieve .onion links by using a keyword you provide. It relies on the Ahmia search engine and utilizes random user agents to avoid being blocked. The tool can extract a specified number of hidden links and save them in a randomly named text file, all done in quick and stealthy steps.  🕶️ Designed f",Python,4,0,,2026-02-27,https://github.com/69d9/OnionSearch
knifeparty666/Mr.Holmes,https://github.com/Lucksi/Mr.Holmes.git,,4,0,,2025-12-21,https://github.com/knifeparty666/Mr.Holmes
merlinepedra/MAIGRET,,Python,3,0,,2023-09-17,https://github.com/merlinepedra/MAIGRET
northborneo/MaigretOSINT,,Python,3,1,,2024-12-10,https://github.com/northborneo/MaigretOSINT
imdyske/sn0int-modules,,Lua,3,0,,2022-05-09,https://github.com/imdyske/sn0int-modules
aashay-shah/Spiderfoot,"Open Source Intelligent Tool which scraps all the openly available information of  GitHub, Instagram and Reddit Accounts of an individual",Python,3,0,,2025-12-08,https://github.com/aashay-shah/Spiderfoot
treemo/docker-spiderfoot,"SpiderFoot, the open source footprinting and intelligence-gathering tool. http://www.spiderfoot.net",,3,0,,2025-11-19,https://github.com/treemo/docker-spiderfoot
drbothen/spiderfoot-claude-code,SpiderFoot OSINT Lab with CLI for AI coding assistant integration,Python,3,1,,2026-04-28,https://github.com/drbothen/spiderfoot-claude-code
seanlab007/claude-code-ghuntley,Claude Code source (forked from ghuntley),TypeScript,3,7,,2026-04-19,https://github.com/seanlab007/claude-code-ghuntley
ActiveTK/ghunt-docker,A simple docker image for GHunt,Dockerfile,3,0,,2026-02-09,https://github.com/ActiveTK/ghunt-docker
EngincanV/SocialMediaAnalyzer,This application was created for an Term Project of Mobile Application Development lecture.,,3,1,,2024-08-24,https://github.com/EngincanV/SocialMediaAnalyzer
shahpari2kht/social_media_analyzer,"Social Media Analyzer  An advanced tool for monitoring, analyzing, and visualizing social media metrics across platforms. Developed by shahpari2kht, it provides actionable insights, trend detection, and engagement tracking for data driven decision making.",Python,3,0,"analytics, data-science, fastapi, nlp, python, sentiment-analysis, social-media, visualization",2025-12-15,https://github.com/shahpari2kht/social_media_analyzer
bhnedo/storm-social-analyzer,Simple application which uses Storm data stream processing system to analyze social data,Java,3,1,,2014-01-19,https://github.com/bhnedo/storm-social-analyzer
Salman-id85/Social-Comment-Authenticity-Analyzer,A heuristic-based Python tool for analyzing authenticity of social media comments with PDF reporting,Python,3,0,,2025-12-24,https://github.com/Salman-id85/Social-Comment-Authenticity-Analyzer
TheEgid/social_networks_smm_analyzer,,Python,3,0,,2024-11-03,https://github.com/TheEgid/social_networks_smm_analyzer
ammaskid/Social-Distance-Analyzer-Abhinav-Krishna-SB-ammas_kid,"For education purpose only, meant as my contribution towards society Social Distancing Analyser automatically detects the extent to which social distancing protocols are followed in the area. Deploying it on current surveillance systems and drones used by police to monitor large areas can help to prevent coronavirus by allowing automated and better tracking of activities happening in the area. It shows analytics of the area in real time. It can also be used to alert police in case of considerable violation of social distancing protocols in a particular area.  Please fork the repository and give credits if you use any part of it. 🙂 It took me time and effort to code it. I would really appreciate if you give it a star. ⭐ YOU ARE NOT ALLOWED TO COMMERCIALIZE OR MONETIZE THIS CODE IN ANY FORM.(Not even youtube) IF ANYONE FOUND TO BE VIOLATING THESE TERMS AND LICENCE, LEGAL ACTION WOULD BE TAKEN AGAINST THE PERSON. ASK FOR MY PERMISSION via email (ammasboy01@gmail.com) before publicizing any part of code or output generated from it. Read Licence to avoid problems",Python,3,0,,2024-02-18,https://github.com/ammaskid/Social-Distance-Analyzer-Abhinav-Krishna-SB-ammas_kid
jonaylor89/toutatis,"Toutatis is a tool that allows you to extract information from instagrams accounts such as e-mails, phone numbers and more",Rust,3,1,"instagram, instagram-scraper, osint, osint-tools, rust",2026-03-10,https://github.com/jonaylor89/toutatis
tempiltin/OnionSearch,,Python,3,0,,2026-03-01,https://github.com/tempiltin/OnionSearch
merlinepedra/Mr.Holmes,,Python,3,0,,2024-07-25,https://github.com/merlinepedra/Mr.Holmes
bergel/2011-MrHolmes,,,3,1,,2023-06-06,https://github.com/bergel/2011-MrHolmes
vlivashkin/tg-user-scanner,"Extracts the usernames (and other available user info) of participants from Telegram chats, channels, and DM dialogs.",Python,3,0,"scanner, scraping, telegram, telegram-api",2026-03-09,https://github.com/vlivashkin/tg-user-scanner
sky-ecosystem/theharvester,,Python,2,2,,2024-04-02,https://github.com/sky-ecosystem/theharvester
ramjeepentakota/theHarvester,,Python,2,1,,2025-07-04,https://github.com/ramjeepentakota/theHarvester
mohamedelghazali/theHarvester-master,"E-mails, subdomains and names Harvester - OSINT",Python,2,1,,2023-03-08,https://github.com/mohamedelghazali/theHarvester-master
J4yB33/Maigret-Search-Tool,,HTML,2,0,,2026-01-31,https://github.com/J4yB33/Maigret-Search-Tool
kpcyrd/sn0int-signal,,Rust,2,2,,2025-03-20,https://github.com/kpcyrd/sn0int-signal
sn0int/sn0int-modules,Template repo for sn0int-modules,,2,0,,2021-09-12,https://github.com/sn0int/sn0int-modules
Idearx/spiderfoot,,Python,2,1,,2021-11-18,https://github.com/Idearx/spiderfoot
effaaykhan/Spiderfoot,,,2,0,,2025-05-06,https://github.com/effaaykhan/Spiderfoot
ballen995/https-github.com-mxrch-GHunt,,Python,2,0,,2025-09-09,https://github.com/ballen995/https-github.com-mxrch-GHunt
Neetless/SocialAnalyzer,,Go,2,0,,2023-05-29,https://github.com/Neetless/SocialAnalyzer
jonathan-vandamme/toutatis,A small 32-bit operating system,C,2,0,,2025-08-10,https://github.com/jonathan-vandamme/toutatis
ysBach/KMTNet_Toutatis,"This is a repository which will contain jupyter notebooks and other related codes, so that you can reproduce the results that is shown in BachYP+ 2019 JKAS (under review).",Jupyter Notebook,2,1,,2024-02-15,https://github.com/ysBach/KMTNet_Toutatis
basedakh/toutatis--u-username--s-instagramsessionid,,,2,0,,2026-01-21,https://github.com/basedakh/toutatis--u-username--s-instagramsessionid
userlandkernel/onionsearch,Mass search engine for Onion sites on the Dark Web,Python,2,2,,2025-09-12,https://github.com/userlandkernel/onionsearch
monikamorrow/ScannerUserAgentRandomizer,,Java,2,2,,2017-07-01,https://github.com/monikamorrow/ScannerUserAgentRandomizer
AIProgrammings/Tiktok-Username-Checker-Scanner,,Python,2,0,,2026-05-13,https://github.com/AIProgrammings/Tiktok-Username-Checker-Scanner
Jeffx-ai/using-scanner-class-to-get-user-input,,Java,2,0,,2021-07-25,https://github.com/Jeffx-ai/using-scanner-class-to-get-user-input
unisante-user/Barcode-Scanner,This External Module allows barcodes to be scanned and have the decoded text returned into a text field.,JavaScript,2,0,"redcap, redcap-external-module, redcap-repo",2026-03-23,https://github.com/unisante-user/Barcode-Scanner
heikipikker/datasploit,"A tool to perform various OSINT techniques, aggregate all the raw data, visualise it on a dashboard, and facilitate alerting and monitoring on the data.",JavaScript,2,0,,2023-02-01,https://github.com/heikipikker/datasploit
pereval-team/datasploit,,Python,2,1,"netstalking, osint",2024-07-11,https://github.com/pereval-team/datasploit
yampolskiy/theHarvester,Forked from: https://code.google.com/p/theharvester/source/browse/,Python,1,6,,2025-04-16,https://github.com/yampolskiy/theHarvester
CEHFIDA/theharvester,Automatically exported from code.google.com/p/theharvester,Python,1,0,,2023-03-09,https://github.com/CEHFIDA/theharvester
NextKool/theHarvester,"E-mails, subdominios y nombres Harvester - OSINT",Python,1,0,,2026-03-18,https://github.com/NextKool/theHarvester
xyz0308/theharvester,Automatically exported from code.google.com/p/theharvester,Python,1,0,,2017-08-31,https://github.com/xyz0308/theharvester
sahil0/theHarvester,,,1,0,,2019-07-30,https://github.com/sahil0/theHarvester
R007Wh04mi/theharvester,Automatically exported from code.google.com/p/theharvester,Python,1,0,,2015-12-15,https://github.com/R007Wh04mi/theharvester
daynerm/theHarvester,,Python,1,0,,2025-03-26,https://github.com/daynerm/theHarvester
Mcleese902/theHarvester_GUI,a user-friendly GUI to aid in the use of theHarvester tool .,Python,1,0,,2024-06-15,https://github.com/Mcleese902/theHarvester_GUI
almogii/TheHarvesterParser,,Java,1,0,,2023-03-05,https://github.com/almogii/TheHarvesterParser
Shmouelmarciano/holehe,,Python,1,0,,2025-07-23,https://github.com/Shmouelmarciano/holehe
Lean-O/holehe,"holehe le permite verificar si el correo se utiliza en diferentes sitios como Twitter, Instagram y recuperará información sobre sitios con la función de contraseña olvidada.",Python,1,0,,2026-01-06,https://github.com/Lean-O/holehe
Niperg/Holehe,,Python,1,0,,2023-06-28,https://github.com/Niperg/Holehe
dondiaza/holehe4,,Python,1,0,,2026-02-22,https://github.com/dondiaza/holehe4
rishaankgupta/Holehey,,Python,1,0,,2025-10-28,https://github.com/rishaankgupta/Holehey
RACHO-PRG/OSINT_Holehe,,Python,1,0,,2025-06-12,https://github.com/RACHO-PRG/OSINT_Holehe
pga-cretor/holehe_advanced,,Python,1,0,,2026-02-22,https://github.com/pga-cretor/holehe_advanced
MageBreak/Proton-Holehe-Automator,A security-focused Bash wrapper for holehe that automates VPN tunneling and bypasses the rate-limit,Shell,1,0,,2026-02-22,https://github.com/MageBreak/Proton-Holehe-Automator
aaron-ty/opensource-search_holehe-fastapi,"High-performance OSINT service for email and phone intelligence. Automates multi-platform reconnaissance with a production-ready, scalable, and secure API. Built for real-world security, fraud detection, and compliance workflows.",Python,1,0,,2026-02-22,https://github.com/aaron-ty/opensource-search_holehe-fastapi
jkerai1/HoleHePlayGround,Playground of projects messing around with Holehe,Python,1,1,"discord, discord-bot, discord-py, email, email-validation, holehe, microsoft-teams, osint, recon, teams",2024-08-05,https://github.com/jkerai1/HoleHePlayGround
Kamal3169/https-github.com-megadose-holehe,,,1,0,,2023-11-30,https://github.com/Kamal3169/https-github.com-megadose-holehe
prinapo/maigret,,HTML,1,0,,2025-10-04,https://github.com/prinapo/maigret
lukey94/Maigret,,Python,1,0,,2023-09-17,https://github.com/lukey94/Maigret
snakesec/maigret,Social media username detective for ANDRAX-NG,Python,1,0,,2025-08-21,https://github.com/snakesec/maigret
Zoupse/Maigret2,,JavaScript,1,0,,2025-12-02,https://github.com/Zoupse/Maigret2
totpero/Maigret.Net,,C#,1,0,,2026-05-12,https://github.com/totpero/Maigret.Net
airborne-commando/maigret-night,A GUI addition of the tool Maigret.,Python,1,1,,2026-01-05,https://github.com/airborne-commando/maigret-night
merlinepedra25/MAIGRET-OSINT,,Python,1,1,,2025-09-13,https://github.com/merlinepedra25/MAIGRET-OSINT
merlinepedra/MAIGRET-OSINT,,Python,1,0,,2022-07-29,https://github.com/merlinepedra/MAIGRET-OSINT
josephbenstowe79-lab/maigret-userland,Portable Maigret setup – works on any Ubuntu without sudo,,1,0,,2025-12-11,https://github.com/josephbenstowe79-lab/maigret-userland
MATHEUSFELIX/maigret-llm,"Maigret + LLM: OSINT inteligente com síntese narrativa, expansão de usernames e agente autônomo",Python,1,0,,2026-05-03,https://github.com/MATHEUSFELIX/maigret-llm
dogematti/Maigret-telebot-backend,,Python,1,1,,2025-08-17,https://github.com/dogematti/Maigret-telebot-backend
PleXone2019/sn0int,,Rust,1,0,,2022-06-30,https://github.com/PleXone2019/sn0int
kpcyrd/ysf-sn0int-modules,my sn0int modules or patches,Lua,1,2,,2024-08-12,https://github.com/kpcyrd/ysf-sn0int-modules
sysdogs/sn0int-modules,,Lua,1,1,,2021-01-11,https://github.com/sysdogs/sn0int-modules
mikeminutillo/ghuntley,"<3 PR's. If you see an opportunity to make things better, please do.",HTML,1,7,,2025-06-08,https://github.com/mikeminutillo/ghuntley
yusungchang/ghunt,Ghost Hunt — Find orphaned app leftover files on macOS,Shell,1,0,,2026-02-24,https://github.com/yusungchang/ghunt
lowerrandom/GHunt,,Python,1,0,,2024-08-19,https://github.com/lowerrandom/GHunt
AFGPoro/GhunterGhostHunter,Ghunter Ghost Hunter is a multiplayer hide-and-seek style game made in the Unity engine created by Joey Einerhand and Bas Körver.,,1,0,,2023-10-11,https://github.com/AFGPoro/GhunterGhostHunter
KTH-LangSec/ghunter4deno,Universal Prototype Pollution Gadgets in the Deno Runtime,TypeScript,1,1,,2025-07-01,https://github.com/KTH-LangSec/ghunter4deno
Ghuntar/ghuntlet,Automatically exported from code.google.com/p/ghuntlet,Lua,1,0,,2015-03-14,https://github.com/Ghuntar/ghuntlet
gsilveiralima/megadose-toutatis-,megadose/toutatis,,1,0,,2025-03-30,https://github.com/gsilveiralima/megadose-toutatis-
toutatis-dev/Intune-Management,"A fast, cross-platform Terminal User Interface (TUI) for managing Microsoft Intune and Entra ID via the Graph API.",Go,1,0,"azure-ad, entra-id, golang, intune, microsoft-graph, tui",2026-03-16,https://github.com/toutatis-dev/Intune-Management
merlinepedra/OnionSearch,,Python,1,0,,2022-07-23,https://github.com/merlinepedra/OnionSearch
Dev1lroot/OnionSearch,DarkWeb Onion Indexer,Python,1,0,,2025-09-12,https://github.com/Dev1lroot/OnionSearch
Enitanogun1/OnionSearch,My darkweb monitoring project setup on ubuntu server,Python,1,0,,2025-09-08,https://github.com/Enitanogun1/OnionSearch
Transmetal/Mr.Holmes,,Python,1,0,,2026-04-29,https://github.com/Transmetal/Mr.Holmes
anizum1/Mr.-Holmes,"Mr. Holmes is a powerful Open Source Intelligence (OSINT) investigation tool designed for legitimate research, academic projects, and ethical security analysis. Named after the legendary detective Sherlock Holmes, this tool helps investigators piece together digital clues with precision and thoroughness.",Python,1,0,,2025-11-17,https://github.com/anizum1/Mr.-Holmes
KyxRecon/WordPress-Users-Scanner,# Wordpress users enumerate  bypass to get the website users.,Python,1,3,,2024-08-12,https://github.com/KyxRecon/WordPress-Users-Scanner
oriannatenille1994/usernameSCANNER,,Java,1,0,,2023-02-28,https://github.com/oriannatenille1994/usernameSCANNER
flokadfir/UserMode-PCIE-Scanner,Windows PCIe scanner with DMA and unusual device detection,,1,0,,2025-12-18,https://github.com/flokadfir/UserMode-PCIE-Scanner
tranphucuk/Useragent-Scanner,,C#,1,1,,2019-06-18,https://github.com/tranphucuk/Useragent-Scanner
json-hunter07/user-scanner-buggy,"Scan a username across multiple social, developer, and creator platforms to see if it’s available. Perfect for finding a unique username across GitHub, Twitter, Reddit, Instagram, and more, all in one command.",Python,1,0,,2026-02-20,https://github.com/json-hunter07/user-scanner-buggy
wisdom26/User_input_Scanner_Buffer,,Java,1,0,,2024-06-21,https://github.com/wisdom26/User_input_Scanner_Buffer
saintexo01x/User-Friendly-Website-Port-scanner,This is an User Friendly Website Scanner that Scans Websites for open Ports!,Python,1,0,,2024-11-26,https://github.com/saintexo01x/User-Friendly-Website-Port-scanner
utkarshgupta-iitbhu/DevTrace-Developer-Footprint-Username-Scanner,"A multithreaded OSINT desktop application built with CustomTkinter that performs cross-platform username correlation using HTTP analysis, API validation, and smart false-positive detection.",Python,1,0,"api, custom-tkinter, footprint, http, osint, python, username-lookup",2026-05-10,https://github.com/utkarshgupta-iitbhu/DevTrace-Developer-Footprint-Username-Scanner
dnkls/DataSploit,"An #OSINT Framework to perform various recon techniques, aggregate all the raw data, and give data in multiple formats.",Python,1,12,,2024-03-07,https://github.com/dnkls/DataSploit
natrix-fork/DatasploitAudit,,Python,1,2,,2024-07-30,https://github.com/natrix-fork/DatasploitAudit
zyex030640417/Datasploit,,Python,1,0,,2018-02-20,https://github.com/zyex030640417/Datasploit
Ant1M4ttER/HoLeHe,,Python,0,0,,2022-03-16,https://github.com/Ant1M4ttER/HoLeHe
Mazgi93/holehe,,Python,0,0,,2023-09-16,https://github.com/Mazgi93/holehe
mloultr/holehe,,,0,0,,2024-01-05,https://github.com/mloultr/holehe
cyb34punk/Sn0int,Semi-automatic OSINT framework and package manager,Rust,0,0,,2023-12-07,https://github.com/cyb34punk/Sn0int
gstonic/sn0int,Automate sn0int search,Shell,0,0,,2023-03-28,https://github.com/gstonic/sn0int
Wano38/sn0int,,,0,0,,2025-09-11,https://github.com/Wano38/sn0int
tarqd/sn0int-modules,,,0,0,,2021-03-28,https://github.com/tarqd/sn0int-modules
thomaspujol69/sn0int-modules,,Lua,0,0,,2022-12-03,https://github.com/thomaspujol69/sn0int-modules
ellcs/sn0int-modules,,Lua,0,0,,2025-06-04,https://github.com/ellcs/sn0int-modules
ysf/sn0int-modules,My modules for https://github.com/kpcyrd/sn0int,Lua,0,1,,2024-08-12,https://github.com/ysf/sn0int-modules
GuilhermePessoaDattos/toutatis,Site imobiliaria - Sogro Antonio,TypeScript,0,0,,2026-04-03,https://github.com/GuilhermePessoaDattos/toutatis
sariel0707/toutatis,,,0,0,,2025-07-06,https://github.com/sariel0707/toutatis
fafromweak/toutatis,,Python,0,0,,2025-07-04,https://github.com/fafromweak/toutatis
priyalnema04-byte/Toutatis,,,0,0,,2025-09-03,https://github.com/priyalnema04-byte/Toutatis
BobbyWoodard/Toutatis,,Python,0,0,,2025-01-17,https://github.com/BobbyWoodard/Toutatis
Rayyankhaan/toutatis,,Python,0,0,,2026-01-28,https://github.com/Rayyankhaan/toutatis
mauricefh/toutatis,,C#,0,0,college,2026-01-03,https://github.com/mauricefh/toutatis
pmac8991/toutatis,,,0,0,,2023-03-21,https://github.com/pmac8991/toutatis
Carlito-68/Toutatis,,,0,0,,2021-01-11,https://github.com/Carlito-68/Toutatis
PaullouisRossignol/toutatis,"A simple roject to learn continuous testing. The objective is to use Api, Docker and a test framework",JavaScript,0,0,,2019-11-25,https://github.com/PaullouisRossignol/toutatis
murdernicodemus/toutatis,,Python,0,0,,2025-11-20,https://github.com/murdernicodemus/toutatis
khasey/onionsearch,,Python,0,0,,2022-12-29,https://github.com/khasey/onionsearch
merlinepedra25/OnionSearch,,Python,0,1,,2024-08-12,https://github.com/merlinepedra25/OnionSearch
gabreindsl/OnionSearch,Search engine/Motor de busca,HTML,0,0,,2026-02-04,https://github.com/gabreindsl/OnionSearch
Tony7466/onionSearch,,Python,0,0,,2024-01-29,https://github.com/Tony7466/onionSearch
XaydarovMarufjon/onionsearch-frontend,,TypeScript,0,0,,2025-04-18,https://github.com/XaydarovMarufjon/onionsearch-frontend
lakshaytyagi111/onionSearcher,search engine scrapper to get onion links,Python,0,0,,2025-07-29,https://github.com/lakshaytyagi111/onionSearcher
r00tapple/python_onionSearch,script to look at the brute force or dictionary the onion address,Python,0,0,,2015-10-13,https://github.com/r00tapple/python_onionSearch
yakobi0227/https-github.com-megadose-OnionSearch,,,0,0,,2025-10-03,https://github.com/yakobi0227/https-github.com-megadose-OnionSearch
tasteevidz/Mr.Holmes,,Jupyter Notebook,0,0,,2025-10-07,https://github.com/tasteevidz/Mr.Holmes
benycarlitosganizanes/Mr.Holmes,Como install o Mr.Holmes,,0,0,,2023-12-17,https://github.com/benycarlitosganizanes/Mr.Holmes
KanagaSaravanan/Mr.Holmes,,,0,0,,2020-02-23,https://github.com/KanagaSaravanan/Mr.Holmes
mart1nfpz/Mr.Holmes,Como usar mr.holmes,,0,0,,2025-10-01,https://github.com/mart1nfpz/Mr.Holmes
Umair8906/Mr.Holmes,,Python,0,0,,2023-12-22,https://github.com/Umair8906/Mr.Holmes
jovemsigilosodobembr/Mr.Holmes,,PHP,0,0,,2022-12-15,https://github.com/jovemsigilosodobembr/Mr.Holmes
shxll/Mr.Holmes,,Python,0,0,,2026-03-30,https://github.com/shxll/Mr.Holmes
07iamravi/Mr.Holmes,,CSS,0,0,,2025-04-24,https://github.com/07iamravi/Mr.Holmes
xhenrique7/Mr.holmesBR,,,0,0,,2022-12-18,https://github.com/xhenrique7/Mr.holmesBR
Merc98/pryingdeep,,Go,0,0,,2025-01-01,https://github.com/Merc98/pryingdeep
OWASP/www-project-pryingdeep,OWASP Foundation Web Respository,HTML,0,1,,2025-07-31,https://github.com/OWASP/www-project-pryingdeep
zzy7798qy2-dot/user-scanner,,Python,0,0,,2026-04-29,https://github.com/zzy7798qy2-dot/user-scanner
krishah/datasploit,Narzędzie do OSINT,,0,0,,2017-01-26,https://github.com/krishah/datasploit
VK9D/DataSploit,,HTML,0,0,,2021-02-07,https://github.com/VK9D/DataSploit
PySploit/DataSploit,,,0,0,,2021-06-22,https://github.com/PySploit/DataSploit
padfoot999/datasploit,,JavaScript,0,0,,2016-11-20,https://github.com/padfoot999/datasploit
Sossoliva23/datasploit,,,0,0,,2017-10-15,https://github.com/Sossoliva23/datasploit
Qt1945/Datasploit,,,0,0,,2022-06-02,https://github.com/Qt1945/Datasploit
ravenomeo/Datasploit,,,0,0,,2017-03-03,https://github.com/ravenomeo/Datasploit
VioletJoker/DataSploit,,HTML,0,0,,2021-02-04,https://github.com/VioletJoker/DataSploit
TechWithTy/DataSploit,,Python,0,0,,2023-03-26,https://github.com/TechWithTy/DataSploit
Byt3Gu4rd14n5/datasploit,,HTML,0,0,,2023-12-27,https://github.com/Byt3Gu4rd14n5/datasploit
